<ResourceForecastEngineeringDesignBase.FormulaParams xmlns:i="http://www.w3.org/2001/XMLSchema-instance" xmlns="http://schemas.datacontract.org/2004/07/MeasureFormulas.Generated_Formula_Base_Classes">
  <MeasureOutputType>ConsqUnitOutput</MeasureOutputType>
  <MeasureName>Engineering Design Hours Required</MeasureName>
  <AlternativeId>52060</AlternativeId>
  <FormulaImplClassName>ResourceForecastEngineeringDesign</FormulaImplClassName>
  <IsProbabilityFormula>false</IsProbabilityFormula>
  <FiscalYearEndMonth>12</FiscalYearEndMonth>
  <StartFiscalYear>2010</StartFiscalYear>
  <Months>648</Months>
  <TimeInvariantData>
    <InvestmentSpendByResource xmlns:d3p1="http://schemas.datacontract.org/2004/07/CL.FormulaHelper.DTOs" i:nil="true" />
  </TimeInvariantData>
  <TimeVariantData i:type="ArrayOfResourceForecastEngineeringDesignBase.TimeVariantInputDTO" />
  <UnitOutput xmlns:d2p1="http://schemas.datacontract.org/2004/07/System" i:nil="true" />
  <FormulaOutput xmlns:d2p1="http://schemas.datacontract.org/2004/07/System" i:nil="true" />
  <ExceptionMessage>Object reference not set to an instance of an object.</ExceptionMessage>
</ResourceForecastEngineeringDesignBase.FormulaParams>